published_at,day_of_week,story_id,unique_viewers_diff,net_proceeds_video,avg_time_spent_per_user,unique_topsnaps_peruser,completion_rate,drop_off_rate,unique_completers_diff,unique_topsnap_views_diff,shares_diff,screenshots_diff,subscribers_diff,avg_shares,avg_screenshots,avg_subscribers,channels,day_name
2021-09-01 19:00:24,3,577414256007168,1172,-,64.19261333333334,-0.007697,0.20450963,0.20998928,32,8784,0,0,1,0.0,0.0,0.3333333333333333,channel_1c,Wednesday
2021-09-02 19:00:23,4,3364676881577984,261,-,53.597702,0.0020463333333333,0.18490678,0.27580535,15,2536,0,0,1,0.0,0.0,0.3333333333333333,channel_1c,Thursday
2021-09-03 19:00:11,5,1359165897822208,2002,-,83.891555,-0.0271129999999999,0.137556665,0.22546008,62,10104,0,0,1,0.0,0.0,0.5,channel_1c,Friday
2021-09-05 19:00:41,0,3350383771369472,3948,-,63.25394375,-0.0179485,0.178356995,0.20779817,472,27501,0,3,3,0.0,0.75,0.75,channel_1c,Sunday
2021-09-06 19:00:31,1,1683521104193536,918,-,75.31192,-0.0096239999999999,0.133382105,0.23714359,63,5081,0,3,3,0.0,1.5,1.5,channel_1c,Monday
2021-09-08 19:00:25,3,651083063136256,772,-,65.32840019999999,0.006631,0.1183417256,0.25444597,59,12089,0,0,0,0.0,0.0,0.0,channel_1c,Wednesday
2021-09-09 19:00:55,4,3364676842971136,2501,-,91.500685,-0.020626,0.063008735,0.23833719,50,20584,0,2,3,0.0,1.0,1.5,channel_1c,Thursday
2021-09-12 19:00:47,0,597208574814208,3608,-,50.07742225,0.0062537499999999,0.1608830725,0.24043112,465,32693,1,1,9,0.25,0.25,2.25,channel_1c,Sunday
2021-09-13 19:00:11,1,1529594421852160,138,-,66.219149,0.005132875,0.2828470749999999,0.28439516,17,1849,0,0,0,0.0,0.0,0.0,channel_1c,Monday
2021-09-15 19:00:06,3,1691223190155264,383,-,64.270286,0.003703,0.1645468966666666,0.25031963,41,9246,0,0,3,0.0,0.0,1.0,channel_1c,Wednesday
2021-09-16 19:00:51,4,2315742456889344,528,-,76.77771666666666,-0.0011063333333333,0.09822684,0.25361323,25,8486,0,0,0,0.0,0.0,0.0,channel_1c,Thursday
2021-09-17 19:00:43,5,1336074178168832,215,-,98.82401666666668,0.0044803333333333,0.077438912,0.27292624,0,6726,0,0,0,0.0,0.0,0.0,channel_1c,Friday
2021-09-19 19:00:13,0,2692878607265792,1837,-,68.15208774999999,-0.0083837499999999,0.18066104,0.2682228,379,14148,0,1,9,0.0,0.25,2.25,channel_1c,Sunday
2021-09-20 19:00:19,1,2799531246188544,1235,-,83.29959066666666,0.0319893333333333,0.1277566266666666,0.25404808,25,37436,0,4,3,0.0,0.6666666666666667,0.5,channel_1c,Monday
2021-09-22 19:00:24,3,2143122797955072,2563,-,70.16431785714286,0.0396371428571428,0.1675278814285714,0.27398708,346,41775,12,2,2,1.7142857142857144,0.2857142857142857,0.2857142857142857,channel_1c,Wednesday
2021-09-23 19:00:27,4,472965597841408,4541,-,61.78306,0.0593306428571428,0.1161144235714285,0.22197871,621,75951,3,1,22,0.4285714285714286,0.1428571428571428,3.142857142857143,channel_1c,Thursday
2021-09-24 19:00:41,5,828106761314304,3964,-,92.87933942857144,0.0573811428571428,0.1421267357142857,0.21977332,479,97300,13,8,26,1.8571428571428568,1.142857142857143,3.714285714285714,channel_1c,Friday
2021-09-26 19:00:18,0,3200854234814464,9242,-,56.38541185714286,-0.0150328571428571,0.1971826599999999,0.26072586,2090,88493,2,8,15,0.2857142857142857,1.142857142857143,2.142857142857143,channel_1c,Sunday
2021-09-27 19:00:24,1,2692878456866816,189374,-,87.86157357142856,0.476234,0.1017763294285714,0.25698498,24837,3027545,43,424,308,6.142857142857143,60.57142857142856,44.0,channel_1c,Monday
2021-09-29 19:00:50,3,3310805207650304,658372,2739.181449,56.15204642857143,9.138362185714286,0.1668886171428571,0.2038121,116980,6186055,57,777,956,8.142857142857144,111.0,136.57142857142858,channel_1c,Wednesday
2021-09-30 19:00:35,4,3135983406815232,294431,1092.210673,56.90222000000001,9.493003357142856,0.1583107757142857,0.24272527,49111,2867536,51,600,305,7.2857142857142865,85.71428571428572,43.57142857142858,channel_1c,Thursday
2021-10-01 19:00:03,5,2173910583406592,295645,1184.7124885,86.33185214285714,16.414413142857143,0.1035775787142857,0.24296042,33947,5179652,107,529,414,15.285714285714286,75.57142857142858,59.14285714285715,channel_1c,Friday
2021-10-03 19:00:28,0,1331685694668800,372085,761.8494284999999,55.36868728571428,9.725785142857143,0.1690176699999999,0.23271827,66949,3729701,58,601,315,8.285714285714286,85.85714285714286,45.0,channel_1c,Sunday
2021-10-04 19:00:57,1,2692878640199680,502781,1079.7118524999998,65.69090428571428,12.102492571428572,0.1382906585714285,0.22642931,73945,6242288,45,740,526,6.428571428571429,105.71428571428572,75.14285714285715,channel_1c,Monday
2021-10-06 19:30:22,3,954552862232576,206846,671.004879,61.01792042857143,11.051958,0.2093360399999999,0.24973813,45175,2349192,11,394,126,1.5714285714285716,56.28571428571428,18.000000000000004,channel_1c,Wednesday
2021-10-07 19:00:55,4,471868833277952,617939,1911.1442905000001,63.49988942857143,11.268917142857145,0.1604226442857143,0.2009326,105671,7224943,113,1112,986,16.142857142857142,158.85714285714286,140.85714285714286,channel_1c,Thursday
2021-10-08 20:04:36,5,236572471818240,557281,3839.258591,96.86004371428572,16.504194714285713,0.1525065842857143,0.20786814,93204,9689667,219,1904,1661,31.285714285714285,272.0,237.28571428571428,channel_1c,Friday
2021-10-10 19:00:52,0,471868871964672,276505,845.795538,67.1810542857143,12.334057571428572,0.1932596671428571,0.2665463,55687,3482745,60,1082,214,8.571428571428571,154.57142857142856,30.571428571428577,channel_1c,Sunday
2021-10-11 19:00:19,1,3310805229707264,924739,3365.567632500001,75.1192417142857,12.927286571428573,0.0305995322857142,0.22206376,30568,12369388,105,1662,704,15.0,237.42857142857144,100.57142857142858,channel_1c,Monday
2021-10-13 19:00:38,3,2710475605002240,228495,1055.3637569999999,80.91506928571428,14.14335457142857,0.1424634942857142,0.18619938,34645,3333275,24,522,128,3.428571428571429,74.57142857142858,18.28571428571429,channel_1c,Wednesday
2021-10-14 19:00:34,4,479566667270144,564252,2964.9915235,87.58607071428573,14.436753071428573,0.0956186057142857,0.21396033,57065,8411201,129,1693,593,18.42857142857143,241.85714285714283,84.71428571428572,channel_1c,Thursday
2021-10-15 19:00:25,5,1977100485472256,392611,1760.9860499999998,69.79774485714286,13.648320857142858,0.1310927942857142,0.2472375,55614,5627930,98,1067,355,14.000000000000002,152.42857142857142,50.71428571428572,channel_1c,Friday
2021-10-17 19:00:22,0,2880897977004032,405603,1026.5961915,66.52573585714286,11.810000357142856,0.1610151657142857,0.23459134,68223,4893484,28,492,445,4.0,70.28571428571429,63.57142857142857,channel_1c,Sunday
2021-10-18 19:00:48,1,3364676853018624,277262,2891.2803569999996,92.02518628571428,16.972208714285713,0.1487924614285714,0.3941014,44777,4947692,90,523,188,12.857142857142858,74.71428571428571,26.85714285714285,channel_1c,Monday
2021-10-20 19:00:29,3,2994150675666944,264651,526.3606925,59.12818085714286,10.543798428571428,0.1890635157142857,0.23553422,52510,2871328,42,344,271,6.0,49.142857142857146,38.71428571428572,channel_1c,Wednesday
2021-10-21 19:00:15,4,206888687171584,207091,1766.7455055,45.81216757142857,10.486891571428572,0.2223727685714286,0.32144883,48358,2247422,40,221,115,5.714285714285714,31.571428571428573,16.42857142857143,channel_1c,Thursday
2021-10-22 19:00:57,5,1132678006685696,106688,261.34743749999996,41.10339328571428,7.990711571428571,0.2480272728571428,0.21719304,27949,879956,40,255,42,5.714285714285714,36.42857142857143,6.0,channel_1c,Friday
2021-10-24 19:00:11,0,1386664846536704,245525,743.2128174999999,64.59390328571429,11.700050142857144,0.1528803157142857,0.25600186,38276,2916590,61,526,139,8.714285714285715,75.14285714285714,19.85714285714285,channel_1c,Sunday
2021-10-25 19:00:30,1,206888704622592,221263,1771.1346230000001,106.09480542857142,18.67036557142857,0.1278729964285714,0.24324751,30540,4316250,61,561,157,8.714285714285714,80.14285714285715,22.42857142857143,channel_1c,Monday
2021-10-27 19:00:02,3,564231372601344,298543,692.492449,46.02450657142857,9.046424657142856,0.1656771557142857,0.2664141,50726,2735869,94,642,236,13.42857142857143,91.71428571428572,33.71428571428572,channel_1c,Wednesday
2021-10-28 19:00:51,4,1846260682072064,202268,3158.6119590000008,74.49491400000001,15.035052714285714,0.1400859214285714,0.23806855,29615,3136279,268,446,344,38.285714285714285,63.71428571428572,49.142857142857146,channel_1c,Thursday
2021-10-29 19:00:45,5,2659898399297536,356843,1902.7313175000002,85.590108,16.85961357142857,0.0568089742857142,0.24625792,22510,6475301,120,723,276,17.142857142857146,103.28571428571428,39.42857142857143,channel_1c,Friday
2021-10-31 19:00:30,0,1397661697777664,686751,1845.608225,52.467062,9.956209571428571,0.1506114914285714,0.22092506,107671,6981227,32,782,764,4.571428571428572,111.71428571428574,109.14285714285714,channel_1c,Sunday
2021-11-01 20:02:17,1,697272805122048,632819,3717.7290095000003,105.80892371428573,19.397567428571428,0.0550481198571428,0.22841257,35876,12533476,176,1309,1030,25.142857142857142,187.0,147.14285714285717,channel_1c,Monday
2021-11-03 19:00:02,3,18874832531456,292183,880.0775725000001,61.43915785714285,11.919255214285714,0.1860883614285714,0.21039605,57614,3573945,46,432,630,6.571428571428572,61.71428571428571,90.0,channel_1c,Wednesday
2021-11-04 19:00:28,4,2608224718544896,258071,1595.0885995000003,86.54328728571429,15.255073714285714,0.1202625808571428,0.21211879,33727,4132619,397,1004,545,56.71428571428572,143.42857142857142,77.85714285714286,channel_1c,Thursday
2021-11-05 19:00:19,5,996340884760576,593505,3314.6873775,88.756665,16.442215,0.0798725321428571,0.23276746,50995,10229466,218,1443,1270,31.142857142857142,206.1428571428572,181.42857142857144,channel_1c,Friday
2021-11-07 20:00:10,0,1665943114840064,283532,1244.0373775,73.28405371428572,13.306720571428572,0.1845743442857143,0.22424343,52589,3746953,198,907,578,28.285714285714285,129.57142857142858,82.57142857142857,channel_1c,Sunday
2021-11-08 20:00:17,1,2505970530689024,597692,3608.483876,87.08217314285713,16.287138428571428,0.0654259198571428,0.20992476,39289,9819673,58,1021,529,8.285714285714285,145.85714285714286,75.57142857142858,channel_1c,Monday
2021-11-10 20:00:28,3,2830327335395328,154614,1559.3055150000002,64.30822057142856,10.372308785714283,0.2835108728571429,0.26499784,43832,1600761,11,314,117,1.5714285714285716,44.85714285714286,16.714285714285715,channel_1c,Wednesday
2021-11-12 20:00:57,5,2402616610670592,1120673,3654.3557125000007,94.432413,17.15527342857143,0.0997120514285714,0.22564892,113149,19361866,434,2518,4871,62.00000000000001,359.7142857142857,695.8571428571429,channel_1c,Friday
2021-11-14 20:00:38,0,2898497249220608,1037668,2678.0740155000008,49.39182871428572,9.054635714285714,0.1283364657142857,0.2517683,132808,9333073,68,1372,951,9.714285714285715,196.0,135.8571428571429,channel_1c,Sunday
2021-11-15 20:00:16,1,996340886069248,689092,3471.4871455,71.43230485714287,13.204991642857143,0.0732449742857142,0.24907872,51783,9235371,176,1480,832,25.142857142857142,211.42857142857144,118.85714285714288,channel_1c,Monday
2021-11-17 20:00:34,3,933671167649792,334667,1895.9857240000001,60.87787971428571,11.181891142857143,0.2662295771428571,0.22318257,94227,3884389,81,745,217,11.571428571428571,106.42857142857144,31.0,channel_1c,Wednesday
2021-11-19 20:00:54,5,564232998209536,584738,3708.8932535000004,72.37849399999999,13.091561,0.0786548041428571,0.29852715,50823,8125127,169,1504,402,24.142857142857142,214.8571428571429,57.42857142857142,channel_1c,Friday
2021-11-21 20:00:55,0,2510369991503872,725067,1962.04489,47.651345285714285,8.297072142857143,0.1511414557142857,0.25746906,111567,6130041,52,919,444,7.42857142857143,131.2857142857143,63.42857142857143,channel_1c,Sunday
2021-11-22 20:00:14,1,142020698839040,711005,11417.393611,80.76004842857144,15.899087857142858,0.1199179975714285,0.24071433,79671,10946041,1284,1603,1943,183.42857142857144,229.0,277.5714285714286,channel_1c,Monday
2021-11-24 20:00:21,3,2903997089177600,298771,1349.4383295,57.21240271428572,10.090444,0.20569953,0.2880555,62719,3067167,134,651,181,19.142857142857142,93.0,25.857142857142858,channel_1c,Wednesday
2021-11-26 20:00:43,5,2510370530181120,1120001,7696.579388499999,80.28132557142857,15.0595645,0.0622675368571428,0.1769714,74513,17553520,281,2492,1216,40.142857142857146,356.0,173.71428571428572,channel_1c,Friday
2021-11-28 20:00:51,0,2551054187913216,301219,968.4456085,53.551832,10.654875285714288,0.0958923315714285,0.27082518,30797,3343537,49,595,158,7.0,85.0,22.571428571428573,channel_1c,Sunday
2021-11-29 20:00:28,1,1798986497413120,1018683,10022.327171000003,71.82846585714286,13.580598,0.1449254914285714,0.30005142,150951,13942923,866,2380,1591,123.71428571428572,340.0,227.28571428571428,channel_1c,Monday
2021-12-01 20:00:01,3,2863316387930112,307260,1350.336622,65.47380885714286,11.880400142857145,0.2728159142857143,0.23474568,84708,3686184,232,673,253,33.142857142857146,96.14285714285714,36.142857142857146,channel_1c,Wednesday
2021-12-03 20:00:14,5,1350387696693248,863097,8169.106750000001,96.00487857142858,17.011408,0.1122178207142857,0.2357521,96186,14505868,334,1991,2418,47.71428571428572,284.42857142857144,345.42857142857144,channel_1c,Friday
2021-12-06 14:08:45,1,2037581231785984,705536,2773.2798824999995,46.92692314285715,8.700552428571429,0.1283756428571428,0.2239847,91250,6211108,35,633,600,5.000000000000001,90.42857142857144,85.71428571428572,channel_1c,Monday
2021-12-06 22:00:06,1,2863316370835456,1471714,12918.871178,101.57434142857142,16.868547000000003,0.0705015288571428,0.2289567,106280,25073683,367,2530,3004,52.42857142857143,361.4285714285714,429.1428571428572,channel_1c,Monday
2021-12-08 20:05:50,3,555442029047808,868811,241.71496900000002,69.726685,10.075444928571429,0.21088482,0.1480539,185285,8834932,151,1129,1172,21.57142857142857,161.28571428571428,167.42857142857144,channel_1c,Wednesday
2021-12-10 20:00:46,5,2863316365434880,1055835,1797.1529665,86.66127928571429,14.652770928571428,0.0421478927142857,0.2273681,44797,15507930,247,2061,828,35.285714285714285,294.42857142857144,118.28571428571428,channel_1c,Friday
2021-12-12 20:00:23,0,920479901198336,668811,6275.349136000002,76.47919328571429,16.798936714285713,0.0995780662857142,0.30741233,66523,11277952,288,1028,505,41.142857142857146,146.85714285714283,72.14285714285715,channel_1c,Sunday
2021-12-13 20:00:34,1,3067826981140480,649785,3849.4516609999996,57.55385014285714,10.279752,0.1467858585714285,0.22033723,94796,6603601,113,1442,723,16.142857142857142,206.0,103.28571428571428,channel_1c,Monday
2021-12-15 20:00:51,3,1442750000392192,623010,4912.2437625,69.406622,11.042311285714286,0.2191902971428571,0.14218037,136812,6916147,48,675,914,6.857142857142858,96.42857142857144,130.57142857142858,channel_1c,Wednesday
2021-12-17 20:00:15,5,350934778550272,1013061,7599.3017389999995,61.53608871428572,10.293377428571429,0.1811245628571428,0.17627864,193674,10855135,371,2789,1963,53.00000000000001,398.4285714285715,280.42857142857144,channel_1c,Friday
2021-12-19 20:00:52,0,3063430179805184,366604,2233.6501395,52.94578142857143,9.456527785714286,0.1727346057142857,0.24694024,66562,3551799,42,569,249,6.0,81.28571428571429,35.57142857142857,channel_1c,Sunday
2021-12-20 20:00:12,1,1442750363496448,1691609,26716.083920999994,77.0509197142857,13.174375,0.3209915371428571,0.20404023,538559,21994973,837,7317,14642,119.57142857142858,1045.2857142857144,2091.7142857142862,channel_1c,Monday
2021-12-22 20:00:48,3,232188594544640,521325,3914.4680309999994,61.95573442857143,9.48381707142857,0.2623244042857142,0.21572118,137477,4947110,15,909,533,2.142857142857143,129.85714285714283,76.14285714285714,channel_1c,Wednesday
2021-12-24 20:00:27,5,206898792605696,1024332,7404.762524999998,71.7769272857143,15.912444571428573,0.1178566092857143,0.22829387,118832,16104433,341,1747,1779,48.71428571428572,249.57142857142856,254.1428571428572,channel_1c,Friday
2021-12-26 20:00:46,0,1863862992039936,544851,3385.884162499999,72.30314214285714,14.402739714285715,0.0550083774285714,0.24509758,30883,7909017,73,654,789,10.428571428571429,93.42857142857144,112.71428571428574,channel_1c,Sunday
2021-12-27 20:00:56,1,2449902698569728,753875,7132.234112499999,93.46753585714286,16.967037857142856,0.0719397905714285,0.24359383,59127,13448015,428,2029,2454,61.142857142857146,289.85714285714283,350.57142857142856,channel_1c,Monday
2021-12-29 20:00:43,3,2371837726007296,792011,5389.069233500001,78.281756,14.644965357142857,0.0715079792857142,0.25440848,57217,11646850,499,4848,2011,71.28571428571429,692.5714285714286,287.2857142857143,channel_1c,Wednesday
2021-12-31 20:00:13,5,1442750402306048,955737,4992.1359035,94.67232042857144,16.972904142857143,0.0777301991428571,0.1774021,81782,17160417,515,2302,3246,73.57142857142857,328.8571428571429,463.71428571428567,channel_1c,Friday
2022-01-02 20:00:26,0,2547760453584896,868752,2476.6870875,87.0018052857143,16.042032000000003,0.0836548378571428,0.36957186,72607,13940250,474,1863,1735,67.71428571428571,266.1428571428572,247.8571428571429,channel_1c,Sunday
2022-01-03 20:00:02,1,3209666455414784,692323,2552.4510185000004,68.615403,15.418775142857143,0.1479333671428571,0.2636199,104959,10783216,475,1122,1194,67.85714285714286,160.28571428571428,170.57142857142858,channel_1c,Monday
2022-01-05 20:00:18,3,1285523377920000,241139,599.1693965,48.71615414285714,9.402111714285716,0.2088182014285714,0.23980555,51144,2284215,64,503,166,9.142857142857144,71.85714285714286,23.71428571428572,channel_1c,Wednesday
2022-01-07 20:00:41,5,595027632816128,783509,2606.6926224999997,84.42343814285714,14.880868142857144,0.0938827164285714,0.25505346,74914,11852042,213,2050,1644,30.42857142857143,292.8571428571429,234.8571428571429,channel_1c,Friday
2022-01-09 20:00:11,0,2371838417317888,353023,1157.9099815000004,69.34912585714285,13.174033285714286,0.16220472,0.2641288,57804,4705674,146,1242,451,20.857142857142858,177.42857142857144,64.42857142857143,channel_1c,Sunday
2022-01-11 14:39:30,2,2389433239367680,311617,1212.0124025,85.10988985714286,15.120901000000002,0.0658041102857142,0.2410295,21340,4852718,101,825,345,14.42857142857143,117.85714285714285,49.285714285714285,channel_1c,Tuesday
2022-01-12 20:00:02,3,2389434367848448,175364,373.63802649999997,35.28100857142857,6.927008442857144,0.175193005,0.298972,32643,1256945,132,524,200,18.857142857142858,74.85714285714286,28.57142857142857,channel_1c,Wednesday
2022-01-14 20:00:34,5,2389433263919104,517781,2373.004616,80.76690714285712,15.097774714285714,0.1290954314285714,0.2321573,67962,7902325,128,967,967,18.285714285714285,138.14285714285717,138.14285714285714,channel_1c,Friday
2022-01-16 20:00:08,0,1822085273124864,356420,1059.432149,59.42289157142857,10.795878285714284,0.1716945142857142,0.25873733,61893,3847192,93,647,430,13.285714285714286,92.42857142857142,61.42857142857143,channel_1c,Sunday
2022-01-17 20:00:19,1,987555940460544,561718,2362.7143735,77.06622514285715,14.88278407142857,0.1126154134285714,0.34394884,68896,8824858,507,1973,940,72.42857142857143,281.8571428571429,134.2857142857143,channel_1c,Monday
2022-01-19 20:00:24,3,987558047627264,1621194,14412.453732,78.63856666666666,13.166294555555556,0.3501251233333333,0.23641773,550771,20983161,2085,4919,21717,231.66666666666663,546.5555555555555,2413.0,channel_1c,Wednesday
2022-01-21 20:00:54,5,987558575185920,716794,2783.4549025,63.675894444444445,11.695088,0.1333801633333333,0.2330474,95258,8353687,73,1070,1087,8.11111111111111,118.88888888888889,120.77777777777776,channel_1c,Friday
2022-01-23 20:00:15,0,1822086847541248,687038,2301.0604715000004,60.09922322222222,11.022813444444443,0.2015953844444444,0.24976897,139102,7508273,60,797,1600,6.666666666666667,88.55555555555559,177.77777777777777,channel_1c,Sunday
2022-01-24 20:00:52,1,987558551121920,789654,2416.7988404999996,62.28719677777779,11.745194777777776,0.1010178326666666,0.242947,88727,9776064,126,1630,1252,13.999999999999998,181.11111111111111,139.11111111111111,channel_1c,Monday
2022-01-26 20:00:53,3,987558029565952,468866,1720.2326,59.31861842857143,10.939234142857142,0.2093783871428571,0.23230766,99515,5215679,56,905,638,8.0,129.2857142857143,91.14285714285714,channel_1c,Wednesday
2022-01-28 20:00:12,5,1822087877054464,483210,1926.2649580000002,65.28969857142857,12.077769142857145,0.1425490334285714,0.19133067,70205,5950924,140,844,672,20.0,120.57142857142856,96.0,channel_1c,Friday
2022-01-30 20:00:22,0,987558552514560,1017813,4882.3201225,73.384683,12.527679285714283,0.1008233477142857,0.22881849,106077,13077452,323,1718,3378,46.142857142857146,245.4285714285714,482.5714285714287,channel_1c,Sunday
2022-02-02 20:00:27,3,1822089876862976,198774,796.1232174999999,50.85341185714285,8.140276071428573,0.2229911971428571,0.31880695,45461,1644826,53,407,139,7.57142857142857,58.142857142857146,19.857142857142858,channel_1c,Wednesday
2022-02-04 20:00:06,5,2389436100999168,221865,985.204171,52.655140714285714,9.060437071428572,0.1793274228571428,0.3214121,42348,2116058,48,525,610,6.857142857142858,75.0,87.14285714285715,channel_1c,Friday
2022-02-06 20:00:34,0,2389435927287808,875128,5349.6338375,75.88508928571427,13.869768357142858,0.0920594005714285,0.24184251,84787,12422885,147,1958,2082,21.000000000000004,279.7142857142857,297.42857142857144,channel_1c,Sunday
2022-02-09 20:00:15,3,1822091266590720,152218,545.0483634999999,39.81420828571429,6.744300985714286,0.1436095742857142,0.31196696,22693,1055473,53,255,62,7.57142857142857,36.42857142857143,8.857142857142858,channel_1c,Wednesday
2022-02-11 20:00:22,5,2389437987287040,714850,4322.626892,79.86999057142857,14.032443571428573,0.0585708441428571,0.27574813,41354,10153042,164,1233,2336,23.42857142857143,176.14285714285714,333.7142857142857,channel_1c,Friday
2022-02-13 19:00:00,0,987559307218944,761431,4381.633163999999,58.391812,10.636105714285716,0.1252267505714286,0.24930736,99758,8261346,94,1131,1303,13.42857142857143,161.57142857142858,186.1428571428572,channel_1c,Sunday
2022-02-16 20:00:32,3,1380088665231360,365627,2067.2467150000007,67.56703757142859,10.460581285714284,0.1712163228571428,0.22703893,63734,3874570,127,772,582,18.142857142857142,110.2857142857143,83.14285714285714,channel_1c,Wednesday
2022-02-18 20:00:26,5,1380088869935104,537002,2541.7601185000003,55.16647371428572,10.014610285714284,0.1108320485714285,0.28837484,60949,5474166,128,1060,596,18.285714285714285,151.42857142857144,85.14285714285715,channel_1c,Friday
2022-02-20 20:00:08,0,1822090000193536,426105,2334.6407855,64.68776214285714,12.320760142857145,0.1050755122857142,0.272204,47331,5465339,70,857,437,10.000000000000002,122.42857142857144,62.42857142857143,channel_1c,Sunday
2022-02-23 20:00:02,3,855576480112640,178423,1134.7976925000003,56.223002,11.201210428571429,0.3007316814285714,0.2222751,55051,2017834,161,209,155,23.000000000000004,29.85714285714286,22.142857142857142,channel_1c,Wednesday
2022-02-25 20:00:02,5,1380089200607232,413258,2273.3286325000004,75.07738142857143,13.013387785714286,0.1245758214285714,0.24216512,53419,5483737,81,1361,611,11.571428571428571,194.42857142857144,87.28571428571429,channel_1c,Friday
2022-02-27 20:00:37,0,987561031301120,382847,1913.5135125,73.55201557142858,13.632722285714284,0.0709918418571428,0.27168936,28504,5344935,104,772,596,14.857142857142856,110.28571428571428,85.14285714285714,channel_1c,Sunday
2022-03-02 20:00:57,3,347649767690240,119349,417.497177,37.05546814285714,7.623208742857143,0.087700041,0.32213446,10784,927715,177,556,95,25.285714285714285,79.42857142857143,13.571428571428571,channel_1c,Wednesday
2022-03-04 20:00:14,5,1380090617309184,590003,1793.0098095,44.18035242857143,8.425779957142858,0.1099026964285714,0.2640558,66604,5067233,52,781,765,7.42857142857143,111.57142857142858,109.2857142857143,channel_1c,Friday
2022-03-06 20:00:05,0,2953490305902593,1180573,8607.859213,85.692407,13.587151357142858,0.074355692,0.241099,92978,16576714,814,5520,8003,116.28571428571428,788.5714285714286,1143.2857142857142,channel_1c,Sunday
2022-03-08 20:02:10,2,347651127042048,233239,989.3627715000001,50.53297942857142,9.559798571428573,0.14177562,0.24761483,32093,2241975,33,454,307,4.714285714285714,64.85714285714288,43.85714285714286,channel_1c,Tuesday
2021-09-02 19:00:03,4,1958402402686976,167013,-,77.94872628571429,0.1665717142857142,0.1668875071428571,0.24061257,25824,2647525,367,3466,1760,52.42857142857142,495.14285714285705,251.4285714285714,channel_2d,Thursday
2021-09-09 19:00:09,4,439978250135552,16722,-,57.26801716666667,0.0298003333333333,0.1669430916666666,0.26864293,4590,304727,6,205,258,1.0,34.166666666666664,43.0,channel_2d,Thursday
2021-09-16 19:00:09,4,2692878798622720,2772,-,71.876594,0.0172501,0.158396916,0.22566502,1487,117376,11,58,31,2.2,11.6,6.2,channel_2d,Thursday
2021-09-23 19:00:59,4,3170067990790144,127260,-,61.911552,0.2445981428571428,0.1496520457142857,0.24389358,23906,1773288,87,575,1557,12.428571428571429,82.14285714285715,222.42857142857147,channel_2d,Thursday
2021-09-30 19:00:21,4,2779742531723264,1862158,3561.5554910625006,49.81951571428572,9.63551442857143,0.0939085207142857,0.24503529,198112,19499121,983,2716,15252,140.42857142857144,388.0,2178.8571428571427,channel_2d,Thursday
2021-10-07 19:00:38,4,3278922192275456,4534285,13445.667818625,67.83734371428572,14.724066571428573,0.1592312085714285,0.20647292,733160,69528203,5865,29322,76938,837.8571428571429,4188.857142857143,10991.142857142857,channel_2d,Thursday
2021-10-14 19:00:54,4,1682431546015744,1963267,6586.070967562499,87.35068785714286,16.90092842857143,0.1815765528571428,0.23032278,371680,33139694,875,12599,18113,125.0,1799.8571428571431,2587.5714285714284,channel_2d,Thursday
2021-10-21 19:00:39,4,3274526657562624,1734099,4112.4550415625,59.16820342857143,13.685857928571428,0.1317872928571428,0.20255794,216528,23360678,1160,13168,10708,165.71428571428572,1881.142857142857,1529.7142857142858,channel_2d,Thursday
2021-10-28 19:00:22,4,2387222014449664,626335,1566.129130875,55.78790742857142,13.311177071428572,0.1235048457142857,0.21662596,84028,8740302,1211,5320,7730,173.00000000000003,760.0,1104.2857142857144,channel_2d,Thursday
2021-11-04 19:00:43,4,2651105850406912,2027754,4315.5013395000005,61.00401328571429,8.988234285714286,0.2598562671428571,0.26504928,544004,18590145,127,1697,13678,18.142857142857142,242.4285714285714,1954.0,channel_2d,Thursday
2021-11-08 20:00:49,1,2191510896371712,634268,1991.0658365625002,60.86894471428571,13.142299428571429,0.16501077,0.17948651,103075,8331619,869,3870,5781,124.14285714285715,552.8571428571429,825.8571428571429,channel_2d,Monday
2021-11-11 20:00:08,4,2231093845696512,381118,933.5705906249998,64.57505728571428,13.762122142857145,0.1844684414285714,0.28343204,73115,5424182,312,5184,2952,44.57142857142858,740.5714285714287,421.7142857142857,channel_2d,Thursday
2021-11-15 20:06:00,1,480672048261120,566193,1126.924699125,58.781134571428574,13.885636428571429,0.1660114899999999,0.2284601,95873,7910035,1356,6610,5705,193.7142857142857,944.2857142857142,815.0,channel_2d,Monday
2021-11-18 20:03:03,4,2863314269984768,1265088,3081.9385012499997,61.53966542857143,13.031632857142856,0.1844372457142857,0.25329527,238197,16734286,2100,11999,10698,300.0,1714.142857142857,1528.2857142857144,channel_2d,Thursday
2021-11-22 20:03:47,1,3087615347996672,547157,1293.9195106874997,56.82767742857143,10.661100285714284,0.1955543428571428,0.23304497,105553,5800948,1014,13382,4475,144.8571428571429,1911.7142857142856,639.2857142857143,channel_2d,Monday
2021-11-25 20:00:59,4,1867157973682176,584267,1993.434064875,72.028457,15.706617571428572,0.1806850228571428,0.2392162,107510,9313808,259,3480,3938,37.0,497.1428571428572,562.5714285714286,channel_2d,Thursday
2021-11-29 20:00:42,1,1421856470970368,6005325,29446.956943687503,72.92075742857143,14.002727857142856,0.1820239185714285,0.21556647,1096966,83190536,3277,16781,75429,468.1428571428571,2397.285714285714,10775.57142857143,channel_2d,Monday
2021-12-02 20:00:28,4,3100811105482752,527576,1620.6729869999997,69.70895371428571,12.4484945,0.2143475814285714,0.20437026,113609,6631741,243,976,1852,34.714285714285715,139.42857142857142,264.57142857142856,channel_2d,Thursday
2021-12-06 20:00:14,1,243181253527552,568395,1350.693807375,71.18072171428572,16.979173857142857,0.2276198185714285,0.24217826,128911,9608886,798,9322,6164,114.0,1331.7142857142858,880.5714285714286,channel_2d,Monday
2021-12-09 20:00:54,4,1181065037326336,656226,1113.43224075,77.18194728571429,18.87960357142857,0.2110497485714285,0.19916096,136952,12340687,774,15292,6112,110.57142857142858,2184.571428571429,873.1428571428571,channel_2d,Thursday
2021-12-13 20:00:52,1,1424057964949504,603469,1524.67814325,58.04545371428571,13.279812857142858,0.2298678242857142,0.22664611,132379,7922429,755,5710,4328,107.85714285714286,815.7142857142858,618.2857142857143,channel_2d,Monday
2021-12-16 20:00:48,4,3063430329753600,794942,2870.6165236875,67.51504442857143,14.556897142857142,0.1673348671428571,0.2190696,127665,11475103,397,3095,3883,56.71428571428572,442.1428571428572,554.7142857142857,channel_2d,Thursday
2021-12-20 20:00:27,1,3361398706128896,499735,1624.9656749999997,57.40664942857143,13.759531714285714,0.1164441165714285,0.20194605,58437,6858182,466,1680,1960,66.57142857142857,240.0,280.0,channel_2d,Monday
2021-12-23 20:00:16,4,1138186547169280,646856,3165.4694531249993,64.68739942857142,14.408513714285714,0.1915059471428571,0.2562499,118959,9107992,526,5085,7777,75.14285714285714,726.4285714285714,1111.0,channel_2d,Thursday
2021-12-27 20:00:40,1,1818784260448256,3395407,10958.471702625,72.19502714285714,15.847761928571428,0.1565190742857142,0.19692034,525136,53824988,4600,28442,51807,657.1428571428572,4063.142857142857,7401.0,channel_2d,Monday
2021-12-30 20:00:05,4,741264239179776,238893,701.0435968125,69.60793628571427,14.624883142857144,0.2195992128571428,0.21914805,57866,3713778,471,6229,890,67.28571428571429,889.857142857143,127.14285714285714,channel_2d,Thursday
2022-01-03 20:00:17,1,1248139279241216,421678,700.32693375,62.63269357142857,16.490956714285712,0.2200091614285714,0.24067795,92911,7059008,423,5339,1853,60.42857142857143,762.7142857142857,264.71428571428567,channel_2d,Monday
2022-01-06 20:00:15,4,1822085260412928,2134076,3915.2815700624997,86.63355942857143,18.55178214285714,0.27886083,0.12644038,585166,39334366,611,3393,22632,87.28571428571429,484.7142857142858,3233.1428571428573,channel_2d,Thursday
2022-01-10 20:00:29,1,987556082116608,331090,632.8931701875,66.95795328571428,15.782087428571428,0.2050200685714285,0.25749892,68530,5270052,627,2250,1278,89.57142857142857,321.42857142857144,182.57142857142856,channel_2d,Monday
2022-01-13 20:00:22,4,2389434657361920,465822,929.3496511874998,82.52026014285715,17.531891999999996,0.2827849457142857,0.19182645,137320,8454136,294,911,4533,42.00000000000001,130.14285714285714,647.5714285714286,channel_2d,Thursday
2022-01-17 20:00:28,1,987558032748544,525954,1155.8652376875,70.99576714285713,17.069783,0.1992643242857142,0.21499304,114143,9393650,896,4066,8134,128.0,580.8571428571429,1162.0,channel_2d,Monday
2022-01-20 20:00:32,4,987558584258560,837032,2678.589396375,88.92650777777777,20.52096477777778,0.2320377411111111,0.23492172,191212,17019271,1832,14310,11717,203.5555555555556,1590.0,1301.888888888889,channel_2d,Thursday
2022-01-24 20:04:33,1,987559274221568,587638,894.3061273124998,71.48013800000001,14.161050055555558,0.17217511,0.21624546,107509,8456805,693,1379,2640,77.00000000000001,153.22222222222223,293.33333333333337,channel_2d,Monday
2022-01-27 20:06:15,4,1822089144711168,2082101,4884.7764084375,63.18432785714287,15.456394071428573,0.1621657785714285,0.24447623,323047,31246640,2892,18772,22944,413.1428571428572,2681.7142857142853,3277.714285714286,channel_2d,Thursday
2022-01-31 20:00:02,1,2389437841354752,229372,728.1178331249998,69.59292914285714,15.779108,0.18772065,0.19923235,45671,3739457,318,5269,1054,45.42857142857143,752.7142857142858,150.57142857142858,channel_2d,Monday
2022-02-03 20:00:57,4,1822090212139008,520902,1456.1847275624998,72.54056971428571,14.575399,0.2167410971428571,0.13139537,113648,7739475,174,867,2331,24.857142857142858,123.85714285714288,332.99999999999994,channel_2d,Thursday
2022-02-07 20:00:10,1,987561747163136,213412,685.31422275,78.37910285714285,17.393697857142858,0.19746087,0.246375,44138,3814535,83,2754,774,11.85714285714286,393.4285714285714,110.57142857142856,channel_2d,Monday
2022-02-10 20:00:19,4,2953489073944576,753555,3066.7961623124997,82.55773928571428,18.831825428571427,0.2129837442857143,0.22643533,162043,14377011,1110,21153,9881,158.57142857142858,3021.857142857143,1411.5714285714284,channel_2d,Thursday
2022-02-14 20:00:45,1,2953489773477888,436460,1241.7469085625,68.86959285714285,15.128639857142856,0.1431830728571428,0.28915796,64217,6675539,480,2687,2113,68.57142857142858,383.8571428571429,301.85714285714283,channel_2d,Monday
2022-02-17 20:00:08,4,1380089180907520,878326,3079.7875460625,72.75636271428571,16.765432714285716,0.18976052,0.18123521,170180,14730082,800,12001,9551,114.28571428571428,1714.428571428571,1364.4285714285716,channel_2d,Thursday
2022-02-21 20:00:27,1,1380089359529984,482350,1643.3781187499997,84.46413285714284,17.685251285714287,0.1390114114285714,0.255366,66811,8511320,199,1815,2584,28.42857142857143,259.2857142857143,369.1428571428572,channel_2d,Monday
2022-02-24 20:00:34,4,347648838385664,243791,838.5064948125003,89.38892442857143,17.63814457142857,0.2003899028571428,0.19532686,52100,4473090,203,2541,712,29.000000000000004,363.0,101.71428571428572,channel_2d,Thursday
2022-02-28 20:00:09,1,2953492272431104,585866,1666.3118709375,66.62471342857143,17.079281571428574,0.1870230742857142,0.18546587,111265,10088670,423,6618,4600,60.42857142857142,945.4285714285712,657.1428571428571,channel_2d,Monday
2022-03-03 20:00:56,4,1380091626819584,409363,1357.7491385624999,76.39754314285715,16.91092485714286,0.16571476,0.27630043,69096,6911300,496,3029,2449,70.85714285714286,432.7142857142858,349.8571428571429,channel_2d,Thursday
2022-03-07 11:15:55,1,2953493000462336,1604989,5311.45234275,78.09466985714285,15.573671928571429,0.2086227314285714,0.26612943,329535,24644947,1566,44998,30413,223.7142857142857,6428.285714285715,4344.714285714286,channel_2d,Monday
2021-09-05 10:30:39,0,1949606671947776,151,-,91.12025166666666,-0.0104396666666666,0.31130325,0.24446826,19,722,0,1,1,0.0,0.3333333333333333,0.3333333333333333,channel_6g,Sunday
2021-09-12 10:30:26,0,2015578582910976,3760,-,73.3986392,0.0021573,0.272067252,0.19366907,1010,40316,6,2,26,1.2,0.4,5.2,channel_6g,Sunday
2021-09-19 10:30:23,0,2692878833723392,38,-,98.431535,0.0026899999999999,0.29911126,0.20385633,0,634,0,0,0,0.0,0.0,0.0,channel_6g,Sunday
2021-09-26 10:30:10,0,420189708148736,40979,-,84.79655720000001,-0.1264098,0.284975112,0.190015,11596,434701,215,97,297,43.0,19.4,59.4,channel_6g,Sunday
2021-10-03 10:30:16,0,2880897930059776,23775,93.76587799999999,59.72622757142857,9.99177192857143,0.2371805671428571,0.33857232,5433,236928,6,51,19,0.8571428571428571,7.285714285714286,2.714285714285714,channel_6g,Sunday
2021-10-10 10:30:20,0,471869047279616,1765652,3055.3183515,53.06205942857143,7.477305528571429,0.1831226128571428,0.19883059,240641,12166548,13087,4570,10906,1869.5714285714284,652.8571428571428,1558.0,channel_6g,Sunday
2021-10-17 19:00:37,0,479566872420352,405814,2499.5879365,90.03897628571428,13.713136,0.3883815228571428,0.1500882,147697,5419685,6071,1440,4446,867.2857142857143,205.7142857142857,635.1428571428572,channel_6g,Sunday
2021-10-24 10:30:20,0,2545550115471360,200656,1126.6538894999999,89.408922,11.117803071428572,0.3588560299999999,0.14666992,70049,2189157,3249,779,1403,464.1428571428572,111.28571428571428,200.42857142857144,channel_6g,Sunday
2021-10-31 10:30:13,0,564231563390976,499076,3282.5913840000003,87.90720485714286,11.434062714285714,0.3350849099999999,0.18649139,153800,5406656,6774,1390,6447,967.7142857142858,198.57142857142856,921.0,channel_6g,Sunday
2021-11-07 11:30:59,0,142020686290944,80883,641.8322605,106.9840365714286,14.979006142857145,0.47999065,0.1690331,37369,1191763,56,252,327,8.0,36.0,46.71428571428572,channel_6g,Sunday
2021-11-14 11:30:32,0,1458137189847040,46546,212.34805699999998,63.09023328571429,9.554247428571427,0.2353761114285714,0.30795342,10371,429348,126,195,61,18.0,27.857142857142858,8.714285714285714,channel_6g,Sunday
2021-11-21 11:30:36,0,1043622731796480,41099,173.546067,61.59966914285714,9.429266142857143,0.2303180628571428,0.2619651,8735,365417,6,110,38,0.8571428571428572,15.714285714285715,5.428571428571428,channel_6g,Sunday
2021-11-28 11:30:09,0,1350387321495552,87784,766.134743,78.15580771428571,12.496711785714286,0.2314937642857142,0.21584494,19760,1076215,19,155,137,2.7142857142857144,22.142857142857142,19.571428571428573,channel_6g,Sunday
2021-12-05 11:00:25,0,920479849619456,147927,906.4139605,78.4648677142857,11.026311285714286,0.3139410771428571,0.17734233,45630,1606634,3407,663,780,486.7142857142858,94.71428571428572,111.42857142857142,channel_6g,Sunday
2021-12-12 11:30:10,0,1841871856203776,341729,3171.4523354999997,82.050268,12.023239857142858,0.3033269657142857,0.18471816,102428,4044746,1738,1006,2059,248.28571428571428,143.71428571428572,294.1428571428572,channel_6g,Sunday
2021-12-19 11:30:39,0,1442750217750528,194941,1685.935368,87.84415428571428,11.653787285714284,0.3347397642857143,0.1852986,58811,2196069,586,587,670,83.71428571428571,83.85714285714286,95.71428571428572,channel_6g,Sunday
2021-12-26 11:30:30,0,595027619108864,96983,915.0131695,112.153252,12.635548357142856,0.3649372457142857,0.1971679,34936,1220014,30,280,262,4.285714285714286,40.0,37.42857142857143,channel_6g,Sunday
2022-01-02 11:30:45,0,2912799702769664,152100,526.908403,94.06471785714284,9.872820714285714,0.3931228957142857,0.19443795,60291,1519884,1571,471,669,224.42857142857144,67.28571428571429,95.57142857142856,channel_6g,Sunday
2022-01-09 11:30:09,0,1822085589616640,397509,1448.5729540000002,96.84675,12.958009714285714,0.4083337057142857,0.1963007,152167,5011260,5511,1782,3605,787.2857142857143,254.57142857142856,515.0,channel_6g,Sunday
2022-01-16 11:30:30,0,1822086657726464,235646,1303.0999080000001,98.98890771428572,12.257938857142856,0.38605,0.17586447,91012,2886494,4467,1198,2371,638.1428571428571,171.14285714285717,338.7142857142857,channel_6g,Sunday
2022-01-23 11:30:29,0,1822088062722048,1667910,10690.0049675,74.74656666666667,10.488903888888888,0.2679637,0.15664706,412156,16957899,10289,4173,21075,1143.2222222222224,463.6666666666667,2341.6666666666665,channel_6g,Sunday
2022-01-30 11:30:48,0,1822089340141568,257097,1788.6284355,73.775532,9.696966071428571,0.2968814014285714,0.2814333,75325,2496197,3259,1450,2348,465.57142857142856,207.1428571428572,335.4285714285714,channel_6g,Sunday
2022-02-06 11:30:50,0,1822090565799936,393979,1973.5511740000002,53.57264228571428,7.698622971428571,0.1555222814285714,0.1816207,61594,3137108,1172,821,1426,167.42857142857142,117.28571428571428,203.7142857142857,channel_6g,Sunday
2022-02-13 11:30:41,0,347646674137088,205833,1937.4626320000002,93.18398342857142,12.197267214285716,0.3297483028571428,0.18799563,68109,2530036,4164,722,1593,594.8571428571429,103.14285714285715,227.57142857142856,channel_6g,Sunday
2022-02-20 11:30:51,0,1380089013886976,222106,1700.4727865,83.48217428571428,12.379625285714289,0.3212191185714286,0.20136788,70312,2746514,1483,1295,1270,211.85714285714283,185.0,181.42857142857144,channel_6g,Sunday
2022-02-27 11:30:39,0,1380090255159296,584767,2026.1398325,75.65909142857143,9.630869714285716,0.2747148014285714,0.21717095,128355,5127482,4203,1762,5097,600.4285714285714,251.7142857142857,728.1428571428572,channel_6g,Sunday
2022-03-06 11:30:31,0,347650440480768,127432,978.996259,98.61877642857144,14.50417957142857,0.3335954971428571,0.18509243,42033,1850106,220,687,1005,31.42857142857143,98.14285714285714,143.57142857142858,channel_6g,Sunday
2021-12-21 20:00:38,2,923780913770496,2087905,27.765465400000004,77.46731875,10.536053,0.344810925,0.27797017,720108,21997392,486,1877,50669,60.75,234.625,6333.625000000001,channel_4r,Tuesday
2021-12-28 20:00:17,2,2371838596503552,3086927,16.380772,78.77914966666667,11.377043666666664,0.3751587533333333,0.22606109,1157910,35123598,540,2985,93534,90.0,497.5,15589.0,channel_4r,Tuesday
2022-01-04 20:00:09,2,2015599101136896,1535540,9.9225062,84.10336542857142,12.520271714285714,0.3734867142857143,0.24789141,573280,19229981,716,1357,35970,102.28571428571428,193.8571428571429,5138.571428571428,channel_4r,Tuesday
2022-01-11 20:00:49,2,987556284237824,1186728,5.058710199999999,88.55495237500001,13.6696654375,0.356722355,0.19983293,423139,16221300,1814,2004,25240,226.75000000000003,250.5,3155.0,channel_4r,Tuesday
2022-01-18 20:00:06,2,987558029725696,231002,19.811469199999998,79.73076988888887,14.802608555555556,0.3172888311111111,0.18850762,74082,3429409,346,696,2327,38.44444444444444,77.33333333333334,258.5555555555556,channel_4r,Tuesday
2022-01-25 20:00:51,2,987559354640384,852695,1267.3610438,82.2287305,16.0241125,0.30278533625,0.27846894,261361,13707743,1233,1829,11240,154.12500000000003,228.62500000000003,1405.0,channel_4r,Tuesday
2022-02-01 20:06:22,2,1822090026037248,2272343,6777.9413856,97.97369,13.23253192857143,0.3540916457142857,0.1958578,815417,30289618,633,2816,60063,90.42857142857144,402.2857142857143,8580.42857142857,channel_4r,Tuesday
2022-02-08 20:00:06,2,987561810409472,291852,753.3357350000002,94.28548171428572,14.759670428571429,0.4100820242857143,0.22443034,118756,4270445,170,602,5605,24.28571428571429,86.0,800.7142857142857,channel_4r,Tuesday
2022-02-15 20:00:57,2,1380088679577600,550028,1957.0079978000003,88.82329428571428,13.405931714285714,0.2691333071428571,0.24464802,157588,7601044,1124,1490,19507,160.57142857142858,212.8571428571429,2786.714285714286,channel_4r,Tuesday
2022-02-22 20:00:54,2,2953490721341440,204193,608.3875444,102.95636285714284,15.325906142857145,0.3996273542857143,0.22613081,82389,3129008,242,626,3222,34.57142857142858,89.42857142857144,460.2857142857143,channel_4r,Tuesday
2022-03-01 20:00:20,2,1380091158650880,729498,1321.0308324,102.909043,16.363383714285714,0.5043417242857143,0.27645883,345158,11477127,251,1438,17437,35.857142857142854,205.42857142857144,2491.0,channel_4r,Tuesday
2022-03-08 15:00:38,2,347650937772032,1463605,3610.3651276,79.91813057142858,11.909069428571428,0.20958357,0.23370712,302963,17290866,3756,6063,44354,536.5714285714286,866.1428571428572,6336.285714285715,channel_4r,Tuesday
2021-09-01 19:00:32,3,1110678772498432,266376,-,103.245145,-0.0252323333333333,0.3967530766666667,0.21770023,88280,3172948,628,902,3149,104.66666666666669,150.33333333333334,524.8333333333334,channel_3s,Wednesday
2021-09-05 19:00:20,0,1949606646874112,18556,-,102.92093433333332,0.0003315833333333,0.3962994966666667,0.19361538,9972,269144,83,37,81,13.833333333333334,6.166666666666667,13.5,channel_3s,Sunday
2021-09-08 19:00:20,3,1949606671355904,12001,-,90.84708485714285,0.0140492857142857,0.3669735842857142,0.23205332,7765,200592,34,17,9,4.857142857142857,2.428571428571429,1.2857142857142858,channel_3s,Wednesday
2021-09-13 12:14:13,1,1529594435721216,20624,-,90.113805,0.0154198571428571,0.3691117857142857,0.23453808,13713,296455,94,129,81,13.42857142857143,18.42857142857143,11.571428571428571,channel_3s,Monday
2021-09-15 19:00:17,3,3218444987037696,27444,-,89.0940992857143,0.037509,0.3951721128571428,0.17812176,18015,575514,152,120,248,21.71428571428571,17.142857142857142,35.42857142857142,channel_3s,Wednesday
2021-09-19 19:00:24,0,939157943371776,22260,-,86.82264642857142,0.0020966428571428,0.3367856085714286,0.2676786,11279,283562,21,24,105,3.0,3.428571428571429,15.0,channel_3s,Sunday
2021-09-22 19:00:15,3,1457028627386368,34192,-,89.34435571428571,0.01758,0.3455716028571428,0.23633203,17009,467981,342,100,402,48.85714285714285,14.285714285714286,57.42857142857143,channel_3s,Wednesday
2021-09-26 19:00:30,0,256362439733248,1002617,-,99.99057785714284,-0.2454465,0.3136570257142856,0.21379939,327776,13433937,1725,2175,30534,246.42857142857144,310.7142857142857,4362.0,channel_3s,Sunday
2021-09-29 19:00:40,3,1934217911787520,2841981,9899.842933200001,103.51614,11.903347142857143,0.2871337085714285,0.23525813,807288,33959990,6109,9804,42116,872.7142857142858,1400.571428571429,6016.571428571428,channel_3s,Wednesday
2021-10-03 19:00:53,0,1818769193955328,5380915,10761.8946339,86.34401,13.863202642857145,0.3068262414285714,0.16747986,1700686,75120448,2286,9457,57980,326.57142857142856,1351.0000000000002,8282.857142857143,channel_3s,Sunday
2021-10-06 19:00:21,3,487261987860480,4565143,12221.8541241,89.99151885714286,12.773648857142858,0.2851602228571429,0.19958355,1320441,58752214,2796,11357,40007,399.4285714285714,1622.4285714285716,5715.285714285715,channel_3s,Wednesday
2021-10-10 19:00:59,0,326733490862080,2920862,7597.39583175,91.828204,12.369067857142856,0.3564482857142858,0.15232393,1061677,36822453,7005,15984,33963,1000.7142857142858,2283.428571428572,4851.857142857142,channel_3s,Sunday
2021-10-13 19:00:42,3,1977101366784000,2006729,4233.243434849999,100.59018514285717,13.500776857142856,0.4308225171428571,0.20933388,868043,27114788,1763,4595,20408,251.8571428571429,656.4285714285716,2915.428571428572,channel_3s,Wednesday
2021-10-17 19:00:06,0,1121681657479168,6243056,20674.814524650003,93.03591428571428,13.2928605,0.3099771371428571,0.17101076,1947645,83701137,8987,16665,96688,1283.857142857143,2380.714285714286,13812.571428571431,channel_3s,Sunday
2021-10-20 19:00:00,3,2328946299383808,3709163,6210.9442656,83.53084000000001,11.805158714285716,0.2675990614285714,0.24343185,997242,43978967,3859,7043,34926,551.2857142857143,1006.1428571428572,4989.4285714285725,channel_3s,Wednesday
2021-10-24 19:00:41,0,1302002801909760,2560924,8016.561023699999,101.19154285714286,14.004289142857145,0.2180696314285714,0.20572862,581322,36235886,1789,5238,16836,255.57142857142856,748.2857142857142,2405.142857142857,channel_3s,Sunday
2021-10-27 19:00:23,3,944662411075584,5596268,14934.254233799998,82.15237542857142,10.649358857142856,0.3057517385714285,0.15959896,1743514,60247029,5819,13168,47314,831.2857142857143,1881.142857142857,6759.142857142858,channel_3s,Wednesday
2021-10-31 19:00:59,0,979847299428352,1333192,2890.6906407,93.02136728571428,12.68710507142857,0.3740158685714286,0.16418998,523193,17378632,1106,3448,9168,158.0,492.57142857142856,1309.7142857142858,channel_3s,Sunday
2021-11-03 19:00:42,3,272862013349888,6749407,18350.20169865,87.00237714285716,11.378178285714286,0.3109792071428571,0.22649097,2065061,76223017,9675,12037,107449,1382.142857142857,1719.5714285714284,15349.85714285714,channel_3s,Wednesday
2021-11-07 20:00:51,0,1764899863932928,906773,3156.7666950000003,120.11238642857144,15.769148714285716,0.4383920057142857,0.16791232,398006,14360955,1611,4070,4024,230.1428571428572,581.4285714285714,574.8571428571429,channel_3s,Sunday
2021-11-10 20:00:40,3,2830327332036608,2163146,5999.957467499999,91.55438414285716,14.121549571428572,0.2967704999999999,0.18513457,667451,30914213,4149,11164,16935,592.7142857142857,1594.857142857143,2419.285714285714,channel_3s,Wednesday
2021-11-14 20:00:35,0,2898497071431680,3785296,8361.488826449999,87.73094342857144,11.759220714285714,0.2882452642857143,0.2574358,1100423,44644574,2782,8001,24545,397.4285714285714,1143.0000000000002,3506.428571428572,channel_3s,Sunday
2021-11-17 20:00:02,3,1798986810574848,2007436,5415.574073700001,100.58932342857142,13.554771714285716,0.3578731328571428,0.23209809,745632,27573620,3478,8643,19019,496.8571428571429,1234.7142857142858,2717.0,channel_3s,Wednesday
2021-11-21 20:00:26,0,17778151059456,2946293,6437.945127299999,79.60325557142856,11.69879357142857,0.36382976,0.24593696,1081520,34434073,1089,6101,36889,155.57142857142858,871.5714285714287,5269.857142857143,channel_3s,Sunday
2021-11-24 20:00:33,3,4585071323136,1826246,6130.07593965,87.8827957142857,13.685602357142855,0.28855448,0.18294714,513561,24805701,589,3659,7050,84.14285714285714,522.7142857142858,1007.1428571428572,channel_3s,Wednesday
2021-11-28 20:00:41,0,1867157953259520,2255009,7700.33496375,110.275407,14.287469428571429,0.32683426,0.196439,758486,32515805,1271,5435,18336,181.57142857142856,776.4285714285713,2619.428571428572,channel_3s,Sunday
2021-12-01 20:00:37,3,2863316383170560,4793440,11566.874061150002,73.87689885714286,11.522293428571428,0.3338451671428571,0.21228155,1596280,54760326,1602,9104,42258,228.85714285714283,1300.571428571429,6036.857142857143,channel_3s,Wednesday
2021-12-05 22:38:06,0,2171723806543872,2990514,8367.067350149999,94.08484457142858,13.197348071428571,0.2742073714285714,0.23511513,804213,39662447,1253,6057,23916,179.0,865.2857142857142,3416.571428571429,channel_3s,Sunday
2021-12-08 20:00:54,3,3100811135875072,1938915,498.51497055,89.54528571428571,12.24440942857143,0.2982570685714286,0.24764878,626583,24751438,5633,9590,13526,804.7142857142857,1370.0,1932.2857142857144,channel_3s,Wednesday
2021-12-12 20:00:35,0,1841871865829376,1632044,6218.4547845,107.77547142857144,15.5381275,0.3886813771428571,0.20301035,639177,25579299,1662,4584,10077,237.42857142857144,654.8571428571429,1439.571428571429,channel_3s,Sunday
2021-12-15 20:00:03,3,1442749845086208,5348711,16178.93695575,80.14602557142857,11.999434428571428,0.2369481985714285,0.19986273,1291022,64025138,5398,14332,52421,771.1428571428571,2047.428571428572,7488.714285714286,channel_3s,Wednesday
2021-12-19 20:00:53,0,2371838047975424,8487573,35874.10939395,80.75823114285714,12.018756285714286,0.2593106985714286,0.2376249,2158613,100998272,21769,39535,125138,3109.8571428571427,5647.857142857143,17876.857142857145,channel_3s,Sunday
2021-12-22 20:00:22,3,778645911717888,8145382,17851.12838145,71.02957500000001,10.957218571428571,0.2961677399999999,0.2509519,2288632,87988608,41191,13314,61931,5884.428571428572,1902.0,8847.285714285714,channel_3s,Wednesday
2021-12-26 20:44:23,0,3063430218928128,4812313,9940.693978199997,78.31963085714285,10.30028557142857,0.2928981285714286,0.28240064,1326100,48523487,2612,10836,40256,373.1428571428572,1548.0,5750.857142857143,channel_3s,Sunday
2021-12-29 20:00:58,3,206899010625536,1898284,4636.0850871,86.06976085714287,12.69953557142857,0.3230745771428571,0.20245111,613838,24142433,1104,5158,8201,157.71428571428572,736.8571428571429,1171.571428571429,channel_3s,Wednesday
2022-01-02 20:00:39,0,3209665408968704,3890164,5376.34738245,99.7703172857143,13.480004571428571,0.4371364885714285,0.21415067,1678273,52007854,834,8209,31020,119.14285714285715,1172.714285714286,4431.428571428572,channel_3s,Sunday
2022-01-05 20:00:32,3,2389433231753216,2236109,4205.22080085,96.29488857142856,14.272514,0.3593303685714286,0.217094,796005,31766673,3641,6843,17406,520.1428571428571,977.5714285714286,2486.5714285714294,channel_3s,Wednesday
2022-01-09 20:00:52,0,1822085584529408,12033495,7606.3186239,71.1476007142857,10.088480714285712,0.3063298814285714,0.29471204,3228414,112713519,165945,24431,147154,23706.42857142857,3490.1428571428573,21022.000000000004,channel_3s,Sunday
2022-01-12 20:00:13,3,2389434294216704,2201928,3917.0916008999993,95.37080914285715,13.333312285714284,0.4525643771428571,0.22935185,1017343,29756622,652,6050,17357,93.14285714285714,864.2857142857142,2479.5714285714284,channel_3s,Wednesday
2022-01-16 20:00:12,0,1822086826207232,2165456,4733.959021649999,109.44786228571428,15.409825142857144,0.4472315228571428,0.22941624,969051,33441300,3819,7258,18547,545.5714285714287,1036.857142857143,2649.5714285714284,channel_3s,Sunday
2022-01-19 20:00:32,3,2389435694372864,1398677,3725.12542515,119.488375,16.213707874999997,0.40498087125,0.22192697,587935,23392031,2295,9381,10489,286.875,1172.625,1311.125,channel_3s,Wednesday
2022-01-23 20:00:59,0,1822087922833408,7302588,11680.435783949999,85.59003,11.698527222222223,0.26486354,0.2927021,1871553,83862694,13820,32438,133714,1535.5555555555557,3604.222222222222,14857.111111111111,channel_3s,Sunday
2022-01-26 20:00:28,3,1822088807548928,1609515,4075.6000643999996,104.1517657142857,14.724630285714284,0.2607060285714285,0.1811686,438382,24359169,2449,4895,7619,349.8571428571429,699.2857142857143,1088.428571428571,channel_3s,Wednesday
2022-01-30 20:00:46,0,987559960397824,2579889,5826.623590349998,96.33063057142856,14.290186142857143,0.2790340414285714,0.15338446,739220,37452816,1631,6655,19261,233.0,950.714285714286,2751.571428571429,channel_3s,Sunday
2022-02-02 20:00:51,3,1822090183405568,2292834,4929.6040689,96.65251642857145,12.955105,0.3719301585714286,0.22743368,855174,29766449,1255,5939,13451,179.2857142857143,848.4285714285714,1921.571428571429,channel_3s,Wednesday
2022-02-06 20:00:20,0,1822090555113472,3048297,7501.134380249999,75.53360771428572,12.00617357142857,0.291420057142857,0.15667945,882846,36786821,1345,7297,21135,192.1428571428572,1042.4285714285716,3019.2857142857147,channel_3s,Sunday
2022-02-09 20:00:52,3,1822091287117824,2417754,6524.5262109,88.31889142857143,11.852128785714283,0.29044377,0.2327187,708204,29085805,1001,5979,22953,143.0,854.1428571428571,3279.0,channel_3s,Wednesday
2022-02-13 20:00:24,0,1380088110295040,3447571,6558.174559349999,74.78859228571429,11.389015785714284,0.2737806942857143,0.23006849,914302,38302966,4880,7386,49942,697.1428571428572,1055.142857142857,7134.571428571429,channel_3s,Sunday
2022-02-16 20:00:48,3,347647430852608,4357928,9994.4478762,87.003536,11.420158285714283,0.2372962,0.23494676,917752,46594704,1132,6845,18425,161.71428571428572,977.8571428571428,2632.1428571428573,channel_3s,Wednesday
2022-02-20 20:00:53,0,347647813769216,2381055,5626.161597300001,92.9358457142857,11.074945428571429,0.2676003342857143,0.2018287,620108,26275995,1240,5282,9401,177.14285714285714,754.5714285714287,1343.0,channel_3s,Sunday
2022-02-23 20:00:39,3,2953491230853120,2399389,6960.787824149999,82.15813714285714,12.90190435714286,0.31547223,0.19508573,768631,31206110,2888,11934,21216,412.57142857142856,1704.857142857143,3030.857142857143,channel_3s,Wednesday
2022-02-27 20:00:32,0,347649192804352,2123943,4030.6042038,87.99718585714285,12.825881857142855,0.2996423171428571,0.20334893,618906,26677239,629,5084,12783,89.85714285714285,726.2857142857143,1826.142857142857,channel_3s,Sunday
2022-03-02 20:00:21,3,347649740288000,1681317,3805.9913134500007,99.78916657142857,12.903043285714286,0.4065193914285714,0.21652678,701749,22187533,974,5532,9749,139.14285714285714,790.2857142857144,1392.7142857142858,channel_3s,Wednesday
2022-03-06 20:00:53,0,2953492948946944,2333404,6581.904663900001,122.27463942857143,17.018959714285714,0.3672234042857142,0.2749603,841844,39561368,3280,8011,19796,468.5714285714285,1144.4285714285716,2828.0,channel_3s,Sunday
2022-02-12 20:00:04,6,347646682845184,85192,43.8652675,122.14434,24.77273371428572,0.3817488457142857,0.11765591,32458,2101152,283,1408,65,40.42857142857143,201.1428571428572,9.285714285714286,channel_5w,Saturday
2022-02-19 20:00:11,6,347647954612224,2025637,29.489216999999996,75.267786,17.01893516666667,0.284000755,0.1913439,576508,34522175,3160,7749,71254,526.6666666666666,1291.5000000000002,11875.666666666666,channel_5w,Saturday
2022-02-26 20:00:38,6,1380090609721344,5392910,19.714771499999998,71.743185,15.3296561,0.1380429719999999,0.24519022,744869,82671872,9274,97577,137999,1854.8,19515.4,27599.8,channel_5w,Saturday
2022-03-05 20:00:48,6,1380091867373568,4417768,33.857036,52.943163,13.18286925,0.0874437331666666,0.31319487,386489,58225848,2435,142611,69839,405.8333333333333,23768.5,11639.833333333332,channel_5w,Saturday
